Keyword,Title,Summary,Page_ID,Length,Fetched_At
Teknologi,Teknologi,"Teknologi adalah penerapan pengetahuan konseptual untuk mencapai tujuan praktis, terutama dengan cara yang dapat direproduksi. Kata teknologi juga dapat bermakna produk yang dihasilkan dari usaha tersebut, mencakup baik alat yang berwujud seperti perkakas atau mesin, maupun yang tidak berwujud seperti perangkat lunak. Teknologi memainkan peran krusial dalam sains, rekayasa, dan kehidupan sehari-hari.
Kemajuan teknologi telah memicu perubahan signifikan dalam masyarakat. Teknologi paling awal yang diketahui adalah alat batu, yang digunakan selama masa prasejarah, diikuti oleh pengendalian api—yang pada gilirannya berkontribusi pada pertumbuhan otak manusia dan perkembangan bahasa selama Zaman Es, menurut hipotesis memasak. Penemuan roda pada Zaman Perunggu memungkinkan perjalanan yang lebih jauh dan penciptaan mesin yang lebih kompleks. Penemuan teknologi yang lebih baru, termasuk mesin cetak, telepon, dan Internet, telah menurunkan hambatan komunikasi dan mengantarkan kita pada ekonomi pengetahuan.
Meskipun teknologi berkontribusi terhadap pembangunan ekonomi dan meningkatkan kemakmuran manusia, teknologi juga dapat menimbulkan dampak negatif seperti polusi dan penipisan sumber daya, serta dapat menyebabkan kerugian sosial seperti pengangguran teknologi akibat otomatisasi. Akibatnya, perdebatan filosofis dan politik mengenai peran dan penggunaan teknologi, etika teknologi, serta cara-cara untuk memitigasi dampak buruknya terus berlangsung.

",3888,1465,2026-04-13 19:05:51
Informatika,Informatika,"Informatika (Inggris: Informatics) merupakan ilmu yang baik mempelajari terkait penggunaan komputer untuk mengatur dan menganalisis data yang berukuran besar, baik data maupun informasi pada mesin berbasis komputasi. Disiplin ilmu ini mencakup beberapa macam bidang, termasuk di dalamnya: sistem informasi, ilmu komputer, ilmu informasi, teknik komputer dan aplikasi informasi dalam sistem informasi manajemen. Secara umum informatika mempelajari struktur, sifat, dan interaksi dari beberapa sistem yang dipakai untuk mengumpulkan data, memproses dan menyimpan hasil pemrosesan data, serta menampilkannya dalam bentuk informasi. Aspek dari informatika lebih luas dari sekadar sistem informasi berbasis komputer saja, tetapi masih banyak informasi tidak dan belum diproses dengan komputer.
Informatika mempunyai konsep dasar, teori, dan perkembangan aplikasi tersendiri. Informatika dapat mendukung dan berkaitan dengan aspek kognitif dan sosial, termasuk tentang pengaruh serta akibat sosial dari teknologi informasi pada umumnya. Penggunaan informasi dalam beberapa macam bidang, seperti bioinformatika, informatika medis, dan informasi yang mendukung ilmu perpustakaan, merupakan beberapa contoh yang lain dari bidang informatika.
Informatika adalah bidang ilmu mengenai studi, perancangan, dan pembuatan sistem komputasi, serta prinsip-prinsip yang menjadi dasar perancangan tersebut. Komputasi adalah ilmu yang berkaitan dengan pemodelan matematika dan penggunaan komputer untuk menyelesaikan masalah-masalah sains. Istilah informatika sepadan dengan istilah dalam bahasa Inggris informatics, computing, atau computer science.",2669,1630,2026-04-13 19:05:52
Sistem Informasi,Sistem informasi,"Sistem informasi (SI) adalah sebuah sistem formal, sosioteknis, dan organisasional yang dirancang untuk mengumpulkan, memproses, menyimpan, dan mendistribusikan informasi. Dari perspektif sosioteknis, sistem informasi disusun oleh empat komponen: tugas, orang, struktur (atau peran), dan teknologi. Sistem informasi dapat didefinisikan sebagai suatu integrasi komponen untuk pengumpulan, penyimpanan dan pemrosesan data. Data tersebut kemudian digunakan untuk menyediakan informasi, berkontribusi pada pengetahuan serta produk digital yang memfasilitasi pengambilan keputusan.
Sistem informasi komputer adalah sistem yang terdiri dari manusia dan komputer yang memproses atau menafsirkan informasi. Istilah ini juga terkadang digunakan untuk merujuk pada sistem komputer dengan perangkat lunak yang diinstal.
Sistem informasi dapat digunakan dalam berbagai konteks, termasuk bisnis, pendidikan, pemerintahan, kesehatan, dan banyak lagi.
""Sistem informasi"" juga merupakan bidang studi akademik tentang sistem dengan referensi khusus untuk informasi dan jaringan pelengkap perangkat keras dan perangkat lunak komputer yang digunakan orang dan organisasi untuk mengumpulkan, menyaring, memproses, membuat, dan juga mendistribusikan data. Dengan penekanan pada sistem informasi yang memiliki batas definitif, pengguna, prosesor, penyimpanan, masukan, keluaran, dan jaringan komunikasi tersebut.
Dalam banyak organisasi, departemen atau unit yang bertanggung jawab atas sistem informasi dan pemrosesan data dikenal sebagai ""layanan informasi"".
Ada yang membuat perbedaan yang jelas antara sistem informasi, dan komputer sistem TIK, dan proses bisnis. Sistem informasi yang berbeda dari teknologi informasi dalam sistem informasi biasanya terlihat seperti memiliki komponen TIK. Hal ini terutama berkaitan dengan tujuan pemanfaatan teknologi informasi. Sistem informasi juga berbeda dari proses bisnis. Sistem informasi membantu untuk mengontrol kinerja proses bisnis.
Alter berpendapat untuk sistem informasi sebagai tipe khusus dari sistem kerja. Sistem kerja adalah suatu sistem di mana manusia dan/atau mesin melakukan pekerjaan dengan menggunakan sumber daya untuk memproduksi produk tertentu dan/atau jasa bagi pelanggan. Sistem informasi adalah suatu sistem kerja yang kegiatannya ditujukan untuk pengolahan (menangkap, transmisi, menyimpan, mengambil, memanipulasi dan menampilkan) informasi.
Dengan demikian, sistem informasi antar-berhubungan dengan sistem data di satu sisi dan sistem aktivitas di sisi lain. Sistem informasi adalah suatu bentuk komunikasi sistem di mana data yang mewakili dan diproses sebagai bentuk dari memori sosial. Sistem informasi juga dapat dianggap sebagai bahasa semi-formal yang mendukung manusia dalam pengambilan keputusan dan tindakan.
Sistem informasi merupakan fokus utama dari studi untuk disiplin sistem informasi dan organisasi informatika.
Sistem informasi adalah gabungan yang terorganisasi dari manusia, perangkat lunak, perangkat keras, jaringan komunikasi, dan sumber data dalam mengumpulkan, mengubah, dan menyebarkan informasi dalam organisasi.
Sistem informasi adalah suatu sistem di dalam suatu organisasi yang mempertemukan kebutuhan pengolahan transaksi harian, mendukung operasi, bersifat manajerial dan kegiatan strategis dari suatu organisasi, dan menyediakan pihak luar tertentu dengan laporan-laporan yang diperlukan.
Terdapat empat langkah dalam membangun suatu sistem informasi, yaitu menentukan serta mengetahui masalah, menyediakan solusi alternatif, memilih solusi, dan mengimplementasikan solusi yang dipilih. Ketiga langkah pertama disebut sebagai analisis sistem.",15040,3629,2026-04-13 19:05:53
Kecerdasan Buatan,Kecerdasan buatan,"Kecerdasan buatan, juga disebut kecerdasan artifisial atau akal imitasi (bahasa Inggris: artificial intelligence, AIcode: en is deprecated , dapat diterjemahkan menjadi inteligensi artifisial), adalah kecerdasan yang ditambahkan kepada suatu sistem yang bisa diatur dalam konteks ilmiah. AI juga didefinisikan sebagai kecerdasan entitas ilmiah.
Andreas Kaplan dan Michael Haenlein mendefinisikan kecerdasan buatan sebagai ""kemampuan sistem untuk menafsirkan data eksternal dengan benar, untuk belajar dari data tersebut, dan menggunakan pembelajaran tersebut guna mencapai tujuan dan tugas tertentu melalui adaptasi yang luwes"". Sistem seperti ini umumnya dianggap komputer. Kecerdasan diciptakan dan dimasukkan ke dalam komputer agar dapat melakukan pekerjaan seperti yang dapat dilakukan manusia. Beberapa macam bidang yang menggunakan kecerdasan buatan antara lain sistem pakar, permainan komputer, logika kabur, jejaring saraf tiruan, dan robotika. Secara teknis, kecerdasan buatan adalah model statistik yang digunakan untuk mengambil keputusan dengan menggeneralisir karakteristik dari suatu objek berbasis data yang kemudian dipasang di berbagai perangkat elektronik.
Banyak hal yang kelihatannya sulit untuk kecerdasan manusia, tetapi untuk informatika relatif tidak bermasalah. Seperti contoh: mentransformasikan persamaan, menyelesaikan persamaan integral, atau membuat permainan catur. Di sisi lain, hal yang bagi manusia kelihatannya menuntut sedikit kecerdasan, sampai sekarang masih sulit untuk diwujudkan dalam Informatika. Seperti contoh: Pengenalan Objek/Muka, bermain sepak bola.
Walaupun AI memiliki konotasi fiksi ilmiah yang kuat, AI membentuk cabang yang sangat penting pada ilmu komputer, berhubungan dengan perilaku, pembelajaran dan adaptasi yang cerdas dalam sebuah mesin. Penelitian dalam AI menyangkut pembuatan mesin dan program komputer untuk mengotomatiskan tugas-tugas yang membutuhkan perilaku cerdas. Termasuk contohnya adalah pengendalian, perencanaan dan penjadwalan, kemampuan untuk menjawab diagnosis dan pertanyaan pelanggan, serta pengenalan tulisan tangan, suara, dan wajah. Hal-hal seperti itu telah menjadi disiplin ilmu tersendiri, yang memusatkan perhatian pada penyediaan solusi masalah kehidupan yang nyata. Sistem AI sekarang ini sering digunakan dalam bidang ekonomi, sains, obat-obatan, teknik, dan militer, seperti yang telah dibangun dalam beberapa penerapan peranti lunak komputer rumah dan video gim (contohnya NPC).
Kecerdasan buatan ini bukan hanya ingin mengerti apa itu sistem kecerdasan, tetapi juga membangunnya.
Tidak ada definisi yang memuaskan untuk 'kecerdasan':

kecerdasan: kemampuan untuk memperoleh pengetahuan dan menggunakannya
atau kecerdasan yang diukur oleh sebuah 'Uji Kecerdasan'",19957,2754,2026-04-13 19:05:56
Internet of Things,Internet untuk Segala,"Internet untuk Segala(-nya) (bahasa Inggris: Internet of Thingscode: en is deprecated , atau dikenal juga dengan singkatan IoT) merupakan sebuah konsep yang bertujuan untuk memperluas manfaat dari konektivitas internet yang tersambung secara terus-menerus. Adapun kemampuan seperti berbagi data, remote control, dan sebagainya, termasuk juga pada benda di dunia nyata. Contohnya bahan pangan, elektronik, koleksi, peralatan apa saja, termasuk benda hidup yang semuanya tersambung ke jaringan lokal dan global melalui sensor yang tertanam dan selalu aktif. Internet of Things berkaitan erat dengan Machine-to-Machine (M2M) atau lebih dikenal dengan perangkat cerdas.
Pada dasarnya, Internet of Things mengacu pada benda yang dapat diidentifikasikan secara unik sebagai representasi virtual dalam struktur berbasis Internet. Istilah Internet of Things awalnya disarankan oleh Kevin Ashton pada tahun 1999 dan mulai terkenal melalui Auto-ID Center di MIT.",1395189,952,2026-04-13 19:05:58
